Question,Accuracy (Similarity),Contexts Retrieved
Q1,0.7071992754936218,3
Q2,0.7676703333854675,3
Q3,0.7937238812446594,3
Q4,0.7931946516036987,3
Q5,0.7841506600379944,3
